<?xml version="1.0" encoding="UTF-8" standalone="yes"?>
<history>
    <item>
        <word>clear</word>
        <date>2020-05-29T16:26:43.342+07:00</date>
    </item>
    <item>
        <word>man</word>
        <date>2020-05-29T16:26:57.521+07:00</date>
    </item>
    <item>
        <word>woman</word>
        <date>2020-05-29T16:27:00.666+07:00</date>
    </item>
    <item>
        <word>clear</word>
        <date>2020-05-29T16:29:09.426+07:00</date>
    </item>
    <item>
        <word>man</word>
        <date>2020-05-29T16:29:10.532+07:00</date>
    </item>
    <item>
        <word>woman</word>
        <date>2020-05-29T16:29:12.193+07:00</date>
    </item>
    <item>
        <word>chào</word>
        <date>2020-05-29T16:30:16.185+07:00</date>
    </item>
    <item>
        <word>buồn</word>
        <date>2020-05-29T16:30:21.316+07:00</date>
    </item>
    <item>
        <word>cờ</word>
        <date>2020-05-29T16:30:24.641+07:00</date>
    </item>
    <item>
        <word>hello</word>
        <date>2020-05-29T16:45:23.963+07:00</date>
    </item>
    <item>
        <word>fuck</word>
        <date>2020-05-29T16:45:59.665+07:00</date>
    </item>
    <item>
        <word>goodbye</word>
        <date>2020-05-29T16:47:38.245+07:00</date>
    </item>
    <item>
        <word>cat</word>
        <date>2020-05-29T16:47:45.882+07:00</date>
    </item>
    <item>
        <word>hello</word>
        <date>2020-05-29T16:48:56.695+07:00</date>
    </item>
    <item>
        <word>cat</word>
        <date>2020-05-30T10:41:10.425+07:00</date>
    </item>
    <item>
        <word>mèo</word>
        <date>2020-05-30T10:41:21.250+07:00</date>
    </item>
    <item>
        <word>asd</word>
        <date>2020-05-30T10:42:18.486+07:00</date>
    </item>
    <item>
        <word>hell</word>
        <date>2020-05-30T10:45:55.577+07:00</date>
    </item>
    <item>
        <word>An Nam</word>
        <date>2020-05-30T10:47:09.126+07:00</date>
    </item>
    <item>
        <word>fuck</word>
        <date>2020-05-30T11:13:48.799+07:00</date>
    </item>
    <item>
        <word>con người</word>
        <date>2020-05-30T11:14:03.228+07:00</date>
    </item>
    <item>
        <word>cat</word>
        <date>2020-05-30T11:14:46.901+07:00</date>
    </item>
    <item>
        <word>đĩ</word>
        <date>2020-05-30T11:14:58.940+07:00</date>
    </item>
    <item>
        <word>fuck</word>
        <date>2020-05-30T14:44:07.616+07:00</date>
    </item>
    <item>
        <word>lồn</word>
        <date>2020-05-30T14:44:17.279+07:00</date>
    </item>
</history>
